1761,C,FREEZE,,#CH4,,,,1,0,0,,,
1762,CO,FREEZE,,#CO,,,,5.0E-01,0,0,,,
1763,H2CO,FREEZE,,#H2CO,,,,5.0E-01,0,0,,,
1764,C2,FREEZE,,#C2,,,,1,0,0,,,
1765,CH,FREEZE,,#CH4,,,,1,0,0,,,
1766,OH,FREEZE,,#H2O,,,,5.0E-01,0,0,,,
1767,NO,FREEZE,,#NO,,,,1,0,0,,,
1768,CH2,FREEZE,,#CH4,,,,1,0,0,,,
1769,H2O,FREEZE,,#H2O,,,,1,0,0,,,
1770,CO2,FREEZE,,#CO2,,,,1,0,0,,,
1771,CH3,FREEZE,,#CH4,,,,1,0,0,,,
1772,CH4,FREEZE,,#CH4,,,,1,0,0,,,
1773,HCO,FREEZE,,#H2CO,,,,4.0E-01,0,0,,,
1774,N2,FREEZE,,#N2,,,,1,0,0,,,
1775,CN,FREEZE,,#HCN,,,,1,0,0,,,
1776,C+,FREEZE,,#CH4,,,,1,1,0,,,
1777,NH,FREEZE,,#NH3,,,,5.0E-01,0,0,,,
1778,HCN,FREEZE,,#HCN,,,,1,0,0,,,
1779,C2H,FREEZE,,#C2H,,,,1,0,0,,,
1780,NH3,FREEZE,,#NH3,,,,1,0,0,,,
1781,N+,FREEZE,,#NH3,,,,1,1,0,,,
1782,O+,FREEZE,,#H2O,,,,1,1,0,,,
1783,C2+,FREEZE,,#C2,,,,1,1,0,,,
1784,O2+,FREEZE,,#O2,,,,1,1,0,,,
1785,N2+,FREEZE,,#N2,,,,1,1,0,,,
1786,CH+,FREEZE,,#CH4,,,,1,1,0,,,
1787,NH+,FREEZE,,#NH3,,,,1,1,0,,,
1788,OH+,FREEZE,,#H2O,,,,1,1,0,,,
1789,CO+,FREEZE,,#CO,,,,1,1,0,,,
1790,CN+,FREEZE,,#HCN,,,,1,1,0,,,
1791,NO+,FREEZE,,#NO,,,,1,1,0,,,
1792,CH2+,FREEZE,,#CH4,,,,1,1,0,,,
1793,NH2+,FREEZE,,#NH3,,,,1,1,0,,,
1794,H2O+,FREEZE,,#H2O,,,,1,1,0,,,
1795,HCO+,FREEZE,,#H2CO,,,,1,1,0,,,
1796,HCN+,FREEZE,,#HCN,,,,1,1,0,,,
1797,C2H+,FREEZE,,#C2H,,,,1,1,0,,,
1798,NH3+,FREEZE,,#NH3,,,,1,1,0,,,
1799,H2CO+,FREEZE,,#H2CO,,,,1,1,0,,,
1800,CH3+,FREEZE,,#CH4,,,,1,1,0,,,
1801,H3O+,FREEZE,,#H2O,,,,1,1,0,,,
1802,HCO2+,FREEZE,,#CO2,,,,1,1,0,,,
1803,CH5+,FREEZE,,#CH4,,,,1,1,0,,,
1804,CH4+,FREEZE,,#CH4,,,,1,1,0,,,
1805,NH2,FREEZE,,#NH3,,,,5.0E-01,0,0,,,
1806,N,FREEZE,,#NH3,,,,1,0,0,,,
1807,O,FREEZE,,#H2O,,,,7.0E-01,0,0,,,
1808,O2,FREEZE,,#O2,,,,1,0,0,,,
1809,HS,FREEZE,,#H2S,,,,5.0E-01,0,0,,,
1810,CS,FREEZE,,#H2CS,,,,1,0,0,,,
1811,SO,FREEZE,,#SO,,,,1,0,0,,,
1812,H2S,FREEZE,,#H2S,,,,1,0,0,,,
1813,HCS,FREEZE,,#H2CS,,,,1,0,0,,,
1814,OCS,FREEZE,,#OCS,,,,1,0,0,,,
1815,SO2,FREEZE,,#SO2,,,,1,0,0,,,
1816,S,FREEZE,,#HS,,,,2.5E-01,0,0,,,
1817,NS,FREEZE,,#NS,,,,1,0,0,,,
1818,H2CS,FREEZE,,#H2CS,,,,1,0,0,,,
1819,S+,FREEZE,,#H2S,,,,5.0E-01,1,0,,,
1820,HS+,FREEZE,,#H2S,,,,1,1,0,,,
1821,CS+,FREEZE,,#CS,,,,1,1,0,,,
1822,SO+,FREEZE,,#SO,,,,1,1,0,,,
1823,HCS+,FREEZE,,#H2CS,,,,1,1,0,,,
1826,OCS+,FREEZE,,#OCS,,,,1,1,0,,,
1827,NO2,FREEZE,,#NO2,,,,1,0,0,,,
1828,OCN,FREEZE,,#OCN,,,,5.0E-01,0,0,,,
1829,HNO,FREEZE,,#HNO,,,,1,0,0,,,
1830,HNO+,FREEZE,,#HNO,,,,1,1,0,,,
1831,H2NO+,FREEZE,,#HNO,,,,1,1,0,,,
1832,O2H+,FREEZE,,#O2,,,,1,1,0,,,
1833,H3CO+,FREEZE,,#H2CO,,,,1,1,0,,,
1834,H2CN,FREEZE,,#H2CN,,,,1,0,0,,,
1835,NS+,FREEZE,,#NS,,,,1,1,0,,,
1836,C2H2+,FREEZE,,#C2H2,,,,1,1,0,,,
1837,H3S+,FREEZE,,#H2S,,,,1,1,0,,,
1838,H2CS+,FREEZE,,#HCS,,,,1,1,0,,,
1839,H2S2+,FREEZE,,#HS2,H,,1,1,0,,,
1840,HS2,FREEZE,,#HS2,,,,1,0,0,,,
1841,S2,FREEZE,,#S2,,,,1,0,0,,,
1842,S2+,FREEZE,,#S2,,,,1,1,0,,,
1843,H3CS+,FREEZE,,#H2CS,,,,1,1,0,,,
1844,HSO+,FREEZE,,#SO,,,,1,1,0,,,
1845,SO2+,FREEZE,,#SO2,,,,1,1,0,,,
1846,HOCS+,FREEZE,,#OCS,,,,1,1,0,,,
1847,MG+,FREEZE,,#MG,,,,1,1,0,,,
1848,MG,FREEZE,,#MG,,,,1,0,0,,,
1849,NH4+,FREEZE,,#NH3,H,,,1,1,0,,,
1850,HCNH+,FREEZE,,#HCN,H,,,1,1,0,,,
1851,N2H+,FREEZE,,#N2,H,,,1,1,0,,,
1852,HNS+,FREEZE,,#NS,H,,,1,1,0,,,
1853,C3+,FREEZE,,#CH3CCH,,,,1,1,0,,,
1854,H2S+,FREEZE,,#H2S,,,,1,1,0,,,
1855,O2H,FREEZE,,#O2H,,,,1,0,0,,,
1856,HSO2+,FREEZE,,#SO2,H,,,1,1,0,,,
1857,CO,FREEZE,,#CH3OH,,,,1.0E-01,0,0,,,
1858,HNC,FREEZE,,#HNC,,,,1,0,0,,,
1859,C2H2,FREEZE,,#C2H2,,,,1,0,0,,,
1860,CH3CN,FREEZE,,#CH3CN,,,,1,0,0,,,
1861,C2H4,FREEZE,,#C2H4,,,,1,0,0,,,
1862,C2H5,FREEZE,,#C2H5,,,,1,0,0,,,
1863,HC3N,FREEZE,,#HC3N,,,,5.0E-01,0,0,,,
1864,C2H3,FREEZE,,#C2H3,,,,1,0,0,,,
1865,CH2CO,FREEZE,,#CH2CO,,,,1,0,0,,,
1866,C3H5+,FREEZE,,#CH3CCH,,,,1,1,0,,,
1867,CH3CCH,FREEZE,,#CH3CCH,,,,1,0,0,,,
1868,C2H5OH,FREEZE,,#C2H5OH,,,,1,0,0,,,
1870,CH3OH2+,FREEZE,,#CH3OH,,,,1,1,0,,,
1871,HCOOCH3,FREEZE,,#HCOOCH3,,,,1,0,0,,,
1872,CH3OH,FREEZE,,#CH3OH,,,,1,0,0,,,
1873,CH3CNH,FREEZE,,#CH3CNH,,,,1,0,0,,,
1874,CH3CNH+,FREEZE,,#CH3CNH,,,,1,1,0,,,
1875,CO,FREEZE,,#H2CO,,,,2.0E-01,0,0,,,
1876,S,FREEZE,,#H2S,,,,5.0E-01,0,0,,,
1877,S,FREEZE,,#S,,,,2.5E-01,0,0,,,
1878,HNCO,FREEZE,,#HNCO,,,,1,0,0,,,
1879,HNCO+,FREEZE,,#HNCO,,,,1,1,0,,,
1880,OCN,FREEZE,,#HNCO,,,,5.0E-01,0,0,,,
1881,C2N,FREEZE,,#CH3CNH,,,,1,0,0,,,
1882,C2N+,FREEZE,,#CH3CNH,,,,1,1,0,,,
1883,C3N,FREEZE,,#HC3N,,,,1,0,0,,,
1884,C2NH+,FREEZE,,#CH3CNH,,,,1,1,0,,,
1885,C2N2+,FREEZE,,#NCCN,,,,1,1,0,,,
1886,C4N+,FREEZE,,#C4N,,,,1,1,0,,,
1887,H5C2O2+,FREEZE,,#CH3OH,#H2O,,,1,1,0,,,
1890,CO,FREEZE,,#HCO,,,,2.0E-01,0,0,,,
1893,H2CO,FREEZE,,#CH3OH,,,,3.0E-01,0,0,,,
1894,HC3N,FREEZE,,#C2H5CN,,,,5.0E-01,0,0,,,
1895,C2H5CN,FREEZE,,#C2H5CN,,,,1,0,0,,,
1898,HS2+,FREEZE,,#HS2,,,,1,1,0,,,
1821,SI,FREEZE,,#SI,,,,5.0E-01,0,0,,,
1822,SI,FREEZE,,#SIH4,,,,5.0E-01,0,0,,,
1823,SIO,FREEZE,,#SIO,,,,5.0E-01,0,0,,,
1824,SIO,FREEZE,,#H2SIO,,,,5.0E-01,0,0,,,
1825,SIH,FREEZE,,#SIH4,,,,1,0,0,,,
1826,SI+,FREEZE,,#SIH4,,,,5.0E-01,1,0,,,
1827,SI+,FREEZE,,#SI,,,,5.0E-01,1,0,,,
1828,SIH+,FREEZE,,#SIH4,,,,1,1,0,,,
1829,SIH2,FREEZE,,#SIH4,,,,1,0,0,,,
1830,SIH2+,FREEZE,,#SIH4,,,,1,1,0,,,
1831,SIH3,FREEZE,,#SIH4,,,,1,0,0,,,
1832,SIH3+,FREEZE,,#SIH4,,,,1,1,0,,,
1833,SIH4,FREEZE,,#SIH4,,,,1,0,0,,,
1834,SIH4+,FREEZE,,#SIH4,,,,1,1,0,,,
1835,SIC,FREEZE,,#SIC,,,,1,0,0,,,
1836,SIC2,FREEZE,,#SIC2,,,,1,0,0,,,
1837,SIC+,FREEZE,,#SIC,,,,1,1,0,,,
1838,SIC2+,FREEZE,,#SIC2,,,,1,1,0,,,
1839,SIC3,FREEZE,,#SIC3,,,,1,0,0,,,
1840,SIC3+,FREEZE,,#SIC3,,,,1,1,0,,,
1841,SIO+,FREEZE,,#SIO,,,,5.0E-01,1,0,,,
1842,SIO+,FREEZE,,#H2SIO,,,,5.0E-01,1,0,,,
1843,SIOH+,FREEZE,,#H2SIO,,,,1,1,0,,,
1844,SIS,FREEZE,,#SIS,,,,1,0,0,,,
1845,SIS+,FREEZE,,#SIS,,,,1,1,0,,,
1846,HSIS+,FREEZE,,#SIS,,,,1,1,0,,,
1847,H2SIO,FREEZE,,#H2SIO,,,,1,0,0,,,
1848,SIH5+,FREEZE,,#SIH4,,,,1,1,0,,,
1849,#SI,#S,,#SIS,,,,1,0,0,,,
1860,#CO,DESOH2,,CO,,,,1,0,1300,,,!MINISSALE ET AL. 2014
1861,#H2O,DESOH2,,H2O,,,,1,0,5770,,,
1862,#CO2,DESOH2,,CO2,,,,1,0,2982,,,!BURKE ET AL.2015
1863,#CH4,DESOH2,,CH4,,,,1,0,1300,,,
1864,#N2,DESOH2,,N2,,,,1,0,790,,,!FUCHS ET AL. 2006
1865,#HCN,DESOH2,,HCN,,,,1,0,2050,,,
1866,#C2H,DESOH2,,C2H,,,,1,0,2137,,,
1867,#NH3,DESOH2,,NH3,,,,1,0,5534,,,
1868,#O2,DESOH2,,O2,,,,1,0,1200,,,!NOBLE ET AL.2012
1869,#CS,DESOH2,,CS,,,,1,0,1900,,,
1870,#SO,DESOH2,,SO,,,,1,0,2600,,,
1871,#H2S,DESOH2,,H2S,,,,1,0,2743,,,
1872,#HCS,DESOH2,,HCS,,,,1,0,2350,,,
1873,#OCS,DESOH2,,OCS,,,,1,0,2888,,,
1874,#SO2,DESOH2,,SO2,,,,1,0,3405,,,
1875,#NS,DESOH2,,NS,,,,1,0,1900,,,
1876,#H2CS,DESOH2,,H2CS,,,,1,0,2700,,,
1877,#MG,DESOH2,,MG,,,,1,0,5300,,,
1878,#OCN,DESOH2,,OCN,,,,1,0,2400,,,
1879,#H2CN,DESOH2,,H2CN,,,,1,0,2400,,,
1880,#S2,DESOH2,,S2,,,,1,0,2200,,,
1881,#HS2,DESOH2,,HS2,,,,1,0,2650,,,
1882,#O2H,DESOH2,,O2H,,,,1,0,4000,,,!MINISSALE ET AL. SUBMITTED
1883,#NO2,DESOH2,,NO2,,,,1,0,2400,,,
1884,#HNO,DESOH2,,HNO,,,,1,0,2050,,,
1885,#CH3OH,DESOH2,,CH3OH,,,,1,0,5534,,,
1886,#HNC,DESOH2,,HNC,,,,1,0,2050,,,
1887,#HC3N,DESOH2,,HC3N,,,,1,0,4580,,,
1888,#C2H2,DESOH2,,C2H2,,,,1,0,2587,,,
1889,#CH3CN,DESOH2,,CH3CN,,,,1,0,4680,,,
1890,#C2H5,DESOH2,,C2H5,,,,1,0,3937,,,
1891,#H2CO,DESOH2,,H2CO,,,,1,0,3200,,,!NOBLE ET AL.2012
1892,#C2,DESOH2,,C2,,,,1,0,1600,,,
1893,#NO,DESOH2,,NO,,,,1,0,1600,,,
1894,#CH2CO,DESOH2,,CH2CO,,,,1,0,2200,,,
1895,#C2H4,DESOH2,,C2H4,,,,1,0,3487,,,
1896,#C2H3,DESOH2,,C2H3,,,,1,0,3037,,,
1897,#CH3CCH,DESOH2,,CH3CCH,,,,1,0,4287,,,
1898,#C2H5OH,DESOH2,,C2H5OH,,,,1,0,6259,,,
1899,#CH3CNH,DESCR1,,CH3CNH,,,,1,0,3740,,,
1900,#HCOOCH3,DESCR1,,HCOOCH3,,,,1,0,4210,,,!BURKE ET AL.15
1901,#CO,DESCR1,,CO,,,,1,0,1300,,,!MINISSALE ET AL. 2014
1902,#H2O,DESCR1,,H2O,,,,1,0,5770,,,
1903,#CO2,DESCR1,,CO2,,,,1,0,2982,,,!BURKE ET AL.15
1904,#CH4,DESCR1,,CH4,,,,1,0,1300,,,
1905,#N2,DESCR1,,N2,,,,1,0,790,,,!FUCHS ET AL. 2006
1906,#HCN,DESCR1,,HCN,,,,1,0,2050,,,
1907,#C2H,DESCR1,,C2H,,,,1,0,2137,,,
1908,#NH3,DESCR1,,NH3,,,,1,0,5534,,,
1909,#O2,DESCR1,,O2,,,,1,0,1200,,,!NOBLE ET AL.2012
1910,#CS,DESCR1,,CS,,,,1,0,1900,,,
1911,#SO,DESCR1,,SO,,,,1,0,2600,,,
1912,#H2S,DESCR1,,H2S,,,,1,0,2743,,,
1913,#HCS,DESCR1,,HCS,,,,1,0,2350,,,
1914,#OCS,DESCR1,,OCS,,,,1,0,2888,,,
1915,#SO2,DESCR1,,SO2,,,,1,0,3405,,,
1916,#NS,DESCR1,,NS,,,,1,0,1900,,,
1917,#H2CS,DESCR1,,H2CS,,,,1,0,2700,,,
1918,#MG,DESCR1,,MG,,,,1,0,5300,,,
1919,#OCN,DESCR1,,OCN,,,,1,0,2400,,,
1920,#H2CN,DESCR1,,H2CN,,,,1,0,2400,,,
1921,#S2,DESCR1,,S2,,,,1,0,2200,,,
1922,#HS2,DESCR1,,HS2,,,,1,0,2650,,,
1923,#O2H,DESCR1,,O2H,,,,1,0,4000,,,!MINISSALE ET AL. SUBMITTED
1924,#NO2,DESCR1,,NO2,,,,1,0,2400,,,
1925,#HNO,DESCR1,,HNO,,,,1,0,2050,,,
1926,#CH3OH,DESCR1,,CH3OH,,,,1,0,5534,,,
1927,#HNC,DESCR1,,HNC,,,,1,0,2050,,,
1928,#HC3N,DESCR1,,HC3N,,,,1,0,4580,,,
1929,#C2H2,DESCR1,,C2H2,,,,1,0,2587,,,
1930,#CH3CN,DESCR1,,CH3CN,,,,1,0,4680,,,
1931,#C2H5,DESCR1,,C2H5,,,,1,0,3937,,,
1932,#H2CO,DESCR1,,H2CO,,,,1,0,3200,,,!NOBLE ET AL.2012
1933,#C2,DESCR1,,C2,,,,1,0,1600,,,
1934,#NO,DESCR1,,NO,,,,1,0,1600,,,
1935,#CH2CO,DESCR1,,CH2CO,,,,1,0,2200,,,
1936,#C2H4,DESCR1,,C2H4,,,,1,0,3487,,,
1937,#C2H3,DESCR1,,C2H3,,,,1,0,3037,,,
1938,#CH3CCH,DESCR1,,CH3CCH,,,,1,0,4287,,,
1939,#C2H5OH,DESCR1,,C2H5OH,,,,1,0,6259,,,
1940,#CH3CNH,DESCR2,,CH3CNH,,,,1,0,3740,,,
1941,#HCOOCH3,DESCR2,,HCOOCH3,,,,1,0,4210,,,!BURKE ET AL.15
1942,#CO,DESCR2,,CO,,,,1,0,1300,,,!MINISSALE ET AL. 2014
1943,#H2O,DESCR2,,H2O,,,,1,0,5770,,,
1944,#CO2,DESCR2,,CO2,,,,1,0,2982,,,!BURKE ET AL.15
1945,#CH4,DESCR2,,CH4,,,,1,0,1300,,,
1946,#N2,DESCR2,,N2,,,,1,0,790,,,!FUCHS ET AL. 2006
1947,#HCN,DESCR2,,HCN,,,,1,0,2050,,,
1948,#C2H,DESCR2,,C2H,,,,1,0,2137,,,
1949,#NH3,DESCR2,,NH3,,,,1,0,5534,,,
1950,#O2,DESCR2,,O2,,,,1,0,1200,,,!NOBLE ET AL.2012
1951,#CS,DESCR2,,CS,,,,1,0,1900,,,
1952,#SO,DESCR2,,SO,,,,1,0,2600,,,
1953,#H2S,DESCR2,,H2S,,,,1,0,2743,,,
1954,#HCS,DESCR2,,HCS,,,,1,0,2350,,,
1955,#OCS,DESCR2,,OCS,,,,1,0,2888,,,
1956,#SO2,DESCR2,,SO2,,,,1,0,3405,,,
1957,#NS,DESCR2,,NS,,,,1,0,1900,,,
1958,#H2CS,DESCR2,,H2CS,,,,1,0,2700,,,
1959,#MG,DESCR2,,MG,,,,1,0,5300,,,
1960,#OCN,DESCR2,,OCN,,,,1,0,2400,,,
1961,#H2CN,DESCR2,,H2CN,,,,1,0,2400,,,
1962,#S2,DESCR2,,S2,,,,1,0,2200,,,
1963,#HS2,DESCR2,,HS2,,,,1,0,2650,,,
1964,#O2H,DESCR2,,O2H,,,,1,0,4000,,,!MINISSALE ET AL. SUBMITTED
1965,#NO2,DESCR2,,NO2,,,,1,0,2400,,,
1966,#HNO,DESCR2,,HNO,,,,1,0,2050,,,
1967,#CH3OH,DESCR2,,CH3OH,,,,1,0,5534,,,
1968,#HNC,DESCR2,,HNC,,,,1,0,2050,,,
1969,#HC3N,DESCR2,,HC3N,,,,1,0,4580,,,
1970,#C2H2,DESCR2,,C2H2,,,,1,0,2587,,,
1971,#CH3CN,DESCR2,,CH3CN,,,,1,0,4680,,,
1972,#C2H5,DESCR2,,C2H5,,,,1,0,3937,,,
1973,#H2CO,DESCR2,,H2CO,,,,1,0,3200,,,!NOBLE ET AL.2012
1974,#C2,DESCR2,,C2,,,,1,0,1600,,,
1975,#NO,DESCR2,,NO,,,,1,0,1600,,,
1976,#CH2CO,DESCR2,,CH2CO,,,,1,0,2200,,,
1977,#C2H4,DESCR2,,C2H4,,,,1,0,3487,,,
1978,#C2H3,DESCR2,,C2H3,,,,1,0,3037,,,
1979,#CH3CCH,DESCR2,,CH3CCH,,,,1,0,4287,,,
1980,#C2H5OH,DESCR2,,C2H5OH,,,,1,0,6259,,,
1981,#CH3CNH,DEUVCR,,CH3CNH,,,,1,0,3740,,,
1982,#HCOOCH3,DEUVCR,,HCOOCH3,,,,1,0,4210,,,!BURKE ET AL.15
1983,#CO,DEUVCR,,CO,,,,1,0,1300,,,!MINISSALE ET AL. 2014
1984,#H2O,DEUVCR,,H2O,,,,1,0,5770,,,
1985,#CO2,DEUVCR,,CO2,,,,1,0,2982,,,!BURKE ET AL.15
1986,#CH4,DEUVCR,,CH4,,,,1,0,1300,,,
1987,#N2,DEUVCR,,N2,,,,1,0,790,,,!FUCHS ET AL. 2006
1988,#HCN,DEUVCR,,HCN,,,,1,0,2050,,,
1989,#C2H,DEUVCR,,C2H,,,,1,0,2137,,,
1990,#NH3,DEUVCR,,NH3,,,,1,0,5534,,,
1991,#O2,DEUVCR,,O2,,,,1,0,1200,,,!NOBLE ET AL.2012
1992,#CS,DEUVCR,,CS,,,,1,0,1900,,,
1993,#SO,DEUVCR,,SO,,,,1,0,2600,,,
1994,#H2S,DEUVCR,,H2S,,,,1,0,2743,,,
1995,#HCS,DEUVCR,,HCS,,,,1,0,2350,,,
1996,#OCS,DEUVCR,,OCS,,,,1,0,2888,,,
1997,#SO2,DEUVCR,,SO2,,,,1,0,3405,,,
1998,#NS,DEUVCR,,NS,,,,1,0,1900,,,
1999,#H2CS,DEUVCR,,H2CS,,,,1,0,2700,,,
2000,#MG,DEUVCR,,MG,,,,1,0,5300,,,
2001,#OCN,DEUVCR,,OCN,,,,1,0,2400,,,
2002,#H2CN,DEUVCR,,H2CN,,,,1,0,2400,,,
2003,#S2,DEUVCR,,S2,,,,1,0,2200,,,
2004,#HS2,DEUVCR,,HS2,,,,1,0,2650,,,
2005,#O2H,DEUVCR,,O2H,,,,1,0,4000,,,!MINISSALE ET AL. SUBMITTED
2006,#NO2,DEUVCR,,NO2,,,,1,0,2400,,,
2007,#HNO,DEUVCR,,HNO,,,,1,0,2050,,,
2008,#CH3OH,DEUVCR,,CH3OH,,,,1,0,5534,,,
2009,#HNC,DEUVCR,,HNC,,,,1,0,2050,,,
2010,#HC3N,DEUVCR,,HC3N,,,,1,0,4580,,,
2011,#C2H2,DEUVCR,,C2H2,,,,1,0,2587,,,
2012,#CH3CN,DEUVCR,,CH3CN,,,,1,0,4680,,,
2013,#C2H5,DEUVCR,,C2H5,,,,1,0,3937,,,
2014,#H2CO,DEUVCR,,H2CO,,,,1,0,1760,,,!NOBLE ET AL.2012
2015,#C2,DEUVCR,,C2,,,,1,0,1600,,,
2016,#NO,DEUVCR,,NO,,,,1,0,1600,,,
2017,#CH2CO,DEUVCR,,CH2CO,,,,1,0,2200,,,
2018,#C2H4,DEUVCR,,C2H4,,,,1,0,3487,,,
2019,#C2H3,DEUVCR,,C2H3,,,,1,0,3037,,,
2020,#CH3CCH,DEUVCR,,CH3CCH,,,,1,0,4287,,,
2021,#C2H5OH,DEUVCR,,C2H5OH,,,,1,0,6259,,,
2022,CL,FREEZE,,#HCL,,,,1,0,0,,,
2023,HCL,FREEZE,,#HCL,,,,1,0,0,,,
2024,CL+,FREEZE,,#HCL,,,,1,1,0,,,
2025,HCL+,FREEZE,,#HCL,,,,1,1,0,,,
2026,H2CL+,FREEZE,,#HCL,,,,1,1,0,,,
4574,COOCH4+,FREEZE,,#HCOOCH3,,,,1,1,0,,,
4575,HCOOCH3,CRPHOT,,H2CO,H2CO,,,1.3E-17,0,6.0,10,41000,
4576,#S,DESOH2,,S,,,,1,0,1100,,,
4577,#SI,DESOH2,,SI,,,,1,0,2700,,,
4578,#SIH4,DESOH2,,SIH4,,,,1,0,4500,,,
4579,#SIO,DESOH2,,SIO,,,,1,0,3500,,,
4580,#SIC,DESOH2,,SIC,,,,1,0,3500,,,
4581,#SIC2,DESOH2,,SIC2,,,,1,0,4300,,,
4582,#SIC3,DESOH2,,SIC3,,,,1,0,5100,,,
4583,#H2SIO,DESOH2,,H2SIO,,,,1,0,4400,,,
4584,#SIS,DESOH2,,SIS,,,,1,0,3800,,,
4585,#HCL,DESOH2,,HCL,,,,1,0,1550,,,
4586,#S,DESCR1,,S,,,,1,0,1100,,,
4587,#SI,DESCR1,,SI,,,,1,0,2700,,,
4588,#SIH4,DESCR1,,SIH4,,,,1,0,4500,,,
4589,#SIO,DESCR1,,SIO,,,,1,0,3500,,,
4590,#SIC,DESCR1,,SIC,,,,1,0,3500,,,
4591,#SIC2,DESCR1,,SIC2,,,,1,0,4300,,,
4592,#SIC3,DESCR1,,SIC3,,,,1,0,5100,,,
4593,#H2SIO,DESCR1,,H2SIO,,,,1,0,4400,,,
4594,#SIS,DESCR1,,SIS,,,,1,0,3800,,,
4595,#HCL,DESCR1,,HCL,,,,1,0,1550,,,
4596,#S,DESCR2,,S,,,,1,0,1100,,,
4597,#SI,DESCR2,,SI,,,,1,0,2700,,,
4598,#SIH4,DESCR2,,SIH4,,,,1,0,4500,,,
4599,#SIO,DESCR2,,SIO,,,,1,0,3500,,,
4600,#SIC,DESCR2,,SIC,,,,1,0,3500,,,
4601,#SIC2,DESCR2,,SIC2,,,,1,0,4300,,,
4602,#SIC3,DESCR2,,SIC3,,,,1,0,5100,,,
4603,#H2SIO,DESCR2,,H2SIO,,,,1,0,4400,,,
4604,#SIS,DESCR2,,SIS,,,,1,0,3800,,,
4605,#HCL,DESCR2,,HCL,,,,1,0,1550,,,
4606,#S,DEUVCR,,S,,,,1,0,1100,,,
4607,#SI,DEUVCR,,SI,,,,1,0,2700,,,
4608,#SIH4,DEUVCR,,SIH4,,,,1,0,4500,,,
4609,#SIO,DEUVCR,,SIO,,,,1,0,3500,,,
4610,#SIC,DEUVCR,,SIC,,,,1,0,3500,,,
4611,#SIC2,DEUVCR,,SIC2,,,,1,0,4300,,,
4612,#SIC3,DEUVCR,,SIC3,,,,1,0,5100,,,
4613,#H2SIO,DEUVCR,,H2SIO,,,,1,0,4400,,,
4614,#SIS,DEUVCR,,SIS,,,,1,0,3800,,,
4615,#HCL,DEUVCR,,HCL,,,,1,0,1550,,,
4616,#HNCO,DESOH2,,HNCO,,,,1,0,2850,,,
4617,#HNCO,DESCR1,,HNCO,,,,1,0,2850,,,
4618,#HNCO,DESCR2,,HNCO,,,,1,0,2850,,,
4619,#HNCO,DEUVCR,,HNCO,,,,1,0,2850,,,
4620,C3H2,FREEZE,,#C3H2,,,,1,0,0,,,
4630,S+,FREEZE,,#S,,,,5.0E-01,1,0,,,
4631,C2H5OH2+,FREEZE,,#C2H5OH,,,,1,1,0,,,
4632,HC2O,FREEZE,,#HC2O,,,,1,0,0,,,
4633,#HC2O,DESCR1,,HC2O,,,,1,0,2400,,,
4634,#HC2O,DESCR2,,HC2O,,,,1,0,2400,,,
4635,#HC2O,DEUVCR,,HC2O,,,,1,0,2400,,,
4636,#HC2O,DESOH2,,HC2O,,,,1,0,2400,,,
4637,CH2OHCHO,FREEZE,,#CH2OHCHO,,,,1,0,0,,,
4638,#CH2OHCHO,DESCR1,,CH2OHCHO,,,,1,0,5629,,,!BURKE ET AL.15
4639,#CH2OHCHO,DESCR2,,CH2OHCHO,,,,1,0,5629,,,!BURKE ET AL.15
4640,#CH2OHCHO,DEUVCR,,CH2OHCHO,,,,1,0,5629,,,!BURKE ET AL.15
4641,#CH2OHCHO,DESOH2,,CH2OHCHO,,,,1,0,5629,,,!BURKE ET AL.15
4643,O,FREEZE,,#O,,,,3.0E-01,0,0,,,
4644,#O,DESCR1,,O,,,,1,0,1400,,,!MINISSALE ET AL. SUBMITTED
4645,#O,DESCR2,,O,,,,1,0,1400,,,!MINISSALE ET AL. SUBMITTED
4646,#O,DEUVCR,,O,,,,1,0,1400,,,!MINISSALE ET AL. SUBMITTED
4647,#O,DESOH2,,O,,,,1,0,1400,,,!MINISSALE ET AL. SUBMITTED
4649,#C2H5CN,DESCR1,,C2H5CN,,,,1,0,5537,,,
4650,#C2H5CN,DESCR2,,C2H5CN,,,,1,0,5537,,,
4651,#C2H5CN,DEUVCR,,C2H5CN,,,,1,0,5537,,,
4652,#C2H5CN,DESOH2,,C2H5CN,,,,1,0,5537,,,
4653,CH2CHO,FREEZE,,#CH2CHO,,,,1,0,0,,,
4654,#CH2CHO,DESCR1,,CH2CHO,,,,1,0,2650,,,
4655,#CH2CHO,DESCR2,,CH2CHO,,,,1,0,2650,,,
4656,#CH2CHO,DEUVCR,,CH2CHO,,,,1,0,2650,,,
4657,#CH2CHO,DESOH2,,CH2CHO,,,,1,0,2650,,,
4658,CS2,FREEZE,,#CS2,,,,1,0,0,,,
4659,#CS2,DESCR1,,CS2,,,,1,0,2575,,,
4660,#CS2,DESCR2,,CS2,,,,1,0,2575,,,
4661,#CS2,DEUVCR,,CS2,,,,1,0,2575,,,
4662,#CS2,DESOH2,,CS2,,,,1,0,2575,,,
4663,HS,FREEZE,,#HS,,,,5.0E-01,0,0,,,
4664,#HS,DESCR1,,HS,,,,1,0,1450,,,
4665,#HS,DESCR2,,HS,,,,1,0,1450,,,
4666,#HS,DEUVCR,,HS,,,,1,0,1450,,,
4667,#HS,DESOH2,,HS,,,,1,0,1450,,,
4668,H2S2,FREEZE,,#H2S2,,,,1,0,0,,,
4669,#H2S2,DESCR1,,H2S2,,,,1,0,3100,,,
4670,#H2S2,DESCR2,,H2S2,,,,1,0,3100,,,
4671,#H2S2,DEUVCR,,H2S2,,,,1,0,3100,,,
4672,#H2S2,DESOH2,,H2S2,,,,1,0,3100,,,
4673,CH2CCH2,FREEZE,,#CH2CCH2,,,,1,0,0,,,
4674,#CH2CCH2,DESCR1,,CH2CCH2,,,,1,0,4287,,,
4675,#CH2CCH2,DESCR2,,CH2CCH2,,,,1,0,4287,,,
4676,#CH2CCH2,DEUVCR,,CH2CCH2,,,,1,0,4287,,,
4677,#CH2CCH2,DESOH2,,CH2CCH2,,,,1,0,4287,,,
4678,CH3CO,FREEZE,,#CH3CO,,,,1,0,0,,,
4679,#CH3CO,DESCR1,,CH3CO,,,,1,0,2325,,,
4680,#CH3CO,DESCR2,,CH3CO,,,,1,0,2325,,,
4681,#CH3CO,DEUVCR,,CH3CO,,,,1,0,2325,,,
4682,#CH3CO,DESOH2,,CH3CO,,,,1,0,2325,,,
4683,C3H3O,FREEZE,,#C3H3O,,,,1,0,0,,,
4684,#C3H3O,DESCR1,,C3H3O,,,,1,0,2800,,,
4685,#C3H3O,DESCR2,,C3H3O,,,,1,0,2800,,,
4686,#C3H3O,DEUVCR,,C3H3O,,,,1,0,2800,,,
4687,#C3H3O,DESOH2,,C3H3O,,,,1,0,2800,,,
4688,CH3CHO,FREEZE,,#CH3CHO,,,,1,0,0,,,
4689,#CH3CHO,DESCR1,,CH3CHO,,,,1,0,2450,,,
4690,#CH3CHO,DESCR2,,CH3CHO,,,,1,0,2450,,,
4691,#CH3CHO,DEUVCR,,CH3CHO,,,,1,0,2450,,,
4692,#CH3CHO,DESOH2,,CH3CHO,,,,1,0,2450,,,
4693,C2H4O,FREEZE,,#C2H4O,,,,1,0,0,,,
4694,#C2H4O,DESCR1,,C2H4O,,,,1,0,2775,,,
4695,#C2H4O,DESCR2,,C2H4O,,,,1,0,2775,,,
4696,#C2H4O,DEUVCR,,C2H4O,,,,1,0,2775,,,
4697,#C2H4O,DESOH2,,C2H4O,,,,1,0,2775,,,
4698,NCCN,FREEZE,,#NCCN,,,,1,0,0,,,
4699,#NCCN,DESCR1,,NCCN,,,,1,0,3000,,,
4700,#NCCN,DESCR2,,NCCN,,,,1,0,3000,,,
4701,#NCCN,DEUVCR,,NCCN,,,,1,0,3000,,,
4702,#NCCN,DESOH2,,NCCN,,,,1,0,3000,,,
4703,C4N,FREEZE,,#C4N,,,,1,0,0,,,
4704,#C4N,DESCR1,,C4N,,,,1,0,4000,,,
4705,#C4N,DESCR2,,C4N,,,,1,0,4000,,,
4706,#C4N,DEUVCR,,C4N,,,,1,0,4000,,,
4707,#C4N,DESOH2,,C4N,,,,1,0,4000,,,
4708,O,C2H2,,HC2O,H,,,9.9E-15,0,0,,,
4709,O,C2H4,,CH2CHO,H,,,9.0E-14,0,0,,,
4710,O,C2H4,,CH3CO,H,,,9.0E-15,0,0,,,
4711,O,CH3CCH,,C2H4,CO,,,5.2E-13,0,0,,,
4712,HC2O,H,,CO,CH2,,,1.7E-10,0,0,,,
4713,HC2O,H2,,CH2CO,H,,,2.0E-11,0,1996.5,,,
4714,HC2O,O,,CO,CO,H,,1.0E-10,0,0,,,
4715,O,CH2CCH2,,C3H3O,H,,,1.9E-14,0,0,,,
4719,O,CH2CCH2,,C2H2,H2CO,,,1.1E-13,0,0,,,
4720,O,CH3CCH,,C3H3O,H,,,4.3E-14,0,0,,,
4722,O,CH3CCH,,CH3,C2H,,,3.0E-15,0,0,,,
4723,CH2CO,H+,,H,CH2CO+,,,3.3E-8,0,0,,,
4724,#C2H4,#O,,#C2H4O,,,,1.85E-15,0,0,,,
4725,#CH3,#HCO,,#CH3CHO,,,,1.0E-15,0,0,,,
4726,#CH3OH,#CO,,#HCOOCH3,,,,6.2E-18,0,0,,,
4727,#CH3OH,#HCO,,#CH2OHCHO,H,,,3.0E-17,0,0,,,
4729,#HCO,#HCO,,#HOCCOH,,,,1.0,0,0,,,
4730,#HOCCOH,H,,#CH2OCHO,,,,1.0,0,0,,,   !WOODS ET AL.13
4730,#CH2OCHO,H,,#CH2OHCHO,,,,1.0,0,0,,,    !WOODS ET AL.13
4731,HOCCOH,FREEZE,,#HOCCOH,,,,1,0,0,,,
4732,#HOCCOH,DESCR1,,HOCCOH,,,,1,0,3200,,,
4733,#HOCCOH,DESCR2,,HOCCOH,,,,1,0,3200,,,
4734,#HOCCOH,DEUVCR,,HOCCOH,,,,1,0,3200,,,
4735,#HOCCOH,DESOH2,,HOCCOH,,,,1,0,3200,,,
4736,#HC2O,H,,#CH2CO,,,,1.0E-09,0,0,,,
4737,#CH2CO,H,,#CH2CHO,,,,5.0E-09,0,0,,,
4738,HCO,HCO,,HOCCOH,,,,2.8E-13,0,0,,,            
4739,HOCCOH,H,,CH2OCHO,,,,1.0E-14,0,1312,,,
4739,CH2OCHO,H,,CH2OHCHO,,,,1.0E-14,0,0,,,
4740,CH2CO+,FREEZE,,#CH2CO,,,,1,1,0,,,
4741,CH2CHO,H,,CH2CO,H2,,,1.9E-11,0,0,,,
4743,O,CH3CO,,OH,CH2CO,,,8.7E-11,0,0,,,
4744,CH3CO,CH3CO,,CH2CO,CH3CHO,,,1.5E-11,0,0,,,
4745,C2H,CH3CO,,C2H2,CH2CO,,,3.0E-11,0,0,,,
4746,CH4,CH3CO,,CH3,CH3CHO,,,4.9E-14,2.88,10800,,,
4747,CH3,CH3CO,,CH2CO,CH4,,,1.0E-11,0,0,,,
4748,HE+,C2H4O,,HCO+,CH3,HE,,6.1E-09,0,0,,,
4749,HE+,C2H4O,,CH3+,HCO,HE,,6.1E-09,0,0,,,
4750,C+,C2H4O,,C2H4O+,C,,,7.3E-09,0,0,,,
4751,H+,C2H4O,,C2H4O+,H,,,2.2E-10,0,0,,,    
4752,C2H4O+,E-,,CH3,HCO,,,6.5E-07,0,0,,,
4753,C2H4O+,E-,,CH2CO,H,H,,6.5E-07,0,0,,,
4754,O,C2H4,,C2H4O,H,,,1.1E-10,0,0,,,
4755,#HCOOCH3,DESOH2,,HCOOCH3,,,,1,0,4210,,,!BURKE ET AL.15
4756,HCO,FREEZE,,#HCO,,,,5.0E-01,0,0,,,
4757,#HCO,DESCR1,,HCO,,,,1,0,1600,,,
4758,#HCO,DESCR2,,HCO,,,,1,0,1600,,,
4759,#HCO,DEUVCR,,HCO,,,,1,0,1600,,,
4760,#HCO,DESOH2,,HCO,,,,1,0,1600,,,
4761,NH2CHO,FREEZE,,#NH2CHO,,,,1,0,0,,,
4762,#NH2CHO,DESCR1,,NH2CHO,,,,1,0,5556,,,
4763,#NH2CHO,DESCR2,,NH2CHO,,,,1,0,5556,,,
4764,#NH2CHO,DEUVCR,,NH2CHO,,,,1,0,5556,,,
4765,#NH2CHO,DESOH2,,NH2CHO,,,,1,0,5556,,,
4761,CH3CN+,FREEZE,,#CH3CN,,,,1,1,0,,,
4762,C+,NH2CHO,,CH3CN+,O,,,1.85E-09,-0.5,0,,,
4763,C+,NH2CHO,,CH3CO+,N,,,1.85E-09,-0.5,0,,,
4764,C+,NH2CHO,,H2CO+,HCN,,,1.85E-09,-0.5,0,,,
4765,H+,NH2CHO,,HCO+,NH3,,,8.62E-09,-0.5,0,,,
4766,H+,NH2CHO,,HCNH+,H2O,,,8.62E-09,-0.5,0,,,
4767,H+,NH2CHO,,NH2+,H2CO,,,8.62E-09,-0.5,0,,,
4768,H+,NH2CHO,,NH4+,CO,,,8.62E-09,-0.5,0,,,
4769,HE+,NH2CHO,,NH3,CO+,HE,,1.40E-09,-0.5,0,,,
4770,HE+,NH2CHO,,NH2,HCO+,HE,,1.40E-09,-0.5,0,,,
4771,HE+,NH2CHO,,NH,H2CO+,HE,,1.40E-09,-0.5,0,,,
4772,HE+,NH2CHO,,NH+,H2CO,HE,,1.40E-09,-0.5,0,,,
4773,HE+,NH2CHO,,NH3+,CO,HE,,1.40E-09,-0.5,0,,,
4774,C+,NH2CHO,,H3CO+,CN,,,1.85E-09,-0.5,0,,,
4775,C+,NH2CHO,,H2CO,HCN+,,,1.85E-09,-0.5,0,,,
4776,H2CNO+,FREEZE,,#H2CNO,,,,1,1,0,,,
4777,#H2CNO,DESCR1,,H2CNO+,,,,1,0,5106,,,
4778,#H2CNO,DESCR2,,H2CNO+,,,,1,0,5106,,,
4779,#H2CNO,DEUVCR,,H2CNO+,,,,1,0,5106,,,
4780,#H2CNO,DESOH2,,H2CNO+,,,,1,0,5106,,,
4781,NH2,FREEZE,,#NH2,,,,5.0E-01,0,0,,,
4782,#NH2,DESCR1,,NH2,,,,1,0,3956,,,
4783,#NH2,DESCR2,,NH2,,,,1,0,3956,,,
4784,#NH2,DEUVCR,,NH2,,,,1,0,3956,,,
4785,#NH2,DESOH2,,NH2,,,,1,0,3956,,,
4787,#H3CO,DESCR1,,H3CO+,,,,0,0,2500,,,
4788,#H3CO,DESCR2,,H3CO+,,,,0,0,2500,,,
4789,#H3CO,DEUVCR,,H3CO+,,,,0,0,2500,,,
4790,#H3CO,DESOH2,,H3CO+,,,,0,0,2500,,,
4791,NH2,H2CO,,NH2CHO,H,,,2.62E-12,-2.1,26.9,,,!BARONE ET AL. 2015
4792,NH2CHO,E-,,NH2,HCO,,,1.0E-09,0,1.7,,,
4793,#NH2CHO,,DIFF,#NH2,#HCO,,,1,0,0,,,
4794,#NH2,#HCO,DIFF,#NH2CHO,,,,1,0,0,,,
4795,#HCO,#H2CNO,DIFF,#NH2CHO,#CO,,,1,0,0,,,
4796,#H3CO,#H2CNO,DIFF,#NH2CHO,#H2CO,,,1,0,0,,,
4797,#H3CO,#NH2CHO,DIFF,#CH3OH,#H2CNO,,,1,0,4320,,,
4798,#NH2,#NH2CHO,DIFF,#H2CNO,#NH3,,,1,0,2670,,,
4799,#H,#H2CNO,DIFF,#NH2CHO,,,,1,0,0,,,
4800,#H,#NH2CHO,DIFF,#H2CNO,H2,,,1,0,3500,,,
4801,HCNO,FREEZE,,#HNCO,,,,1,0,0,,,
4802,HOCN,FREEZE,,#HNCO,,,,1,0,0,,,
4803,HONC,FREEZE,,#HNCO,,,,1,0,0,,,
4804,#H3CO,#HNCO,DIFF,#CH3OH,#OCN,,,1,0,1200,,,
4805,#CH3,#HNCO,DIFF,#CH,#OCN,,,1,0,1200,,,
4806,#H,#HNCO,DIFF,#NH2,#CO,,,1,0,2300,,,
4807,#H,#HNCO,DIFF,#H2CNO,,,,1,0,1390,,,
4808,#NH,#CO,DIFF,#HNCO,,,,1,0,2500,,,
4809,#NH,#HNCO,DIFF,#NH2,#OCN,,,1,0,1200,,,
4810,#NH2,#HNCO,DIFF,#NH3,#OCN,,,1,0,1200,,,
4811,#OH,#HNCO,DIFF,#H2O,#OCN,,,1,0,1290,,,
4812,NH,FREEZE,,#NH,,,,5.0E-01,0,0,,,
4813,#NH,DESCR1,,NH,,,,1,0,2378,,,
4814,#NH,DESCR2,,NH,,,,1,0,2378,,,
4815,#NH,DEUVCR,,NH,,,,1,0,2378,,,
4816,#NH,DESOH2,,NH,,,,1,0,2378,,,
4817,OH,FREEZE,,#OH,,,,5.0E-01,0,0,,,
4818,#OH,DESCR1,,OH,,,,1,0,2850,,,
4819,#OH,DESCR2,,OH,,,,1,0,2850,,,
4820,#OH,DEUVCR,,OH,,,,1,0,2850,,,
4821,#OH,DESOH2,,OH,,,,1,0,2850,,,
4822,HNCO,CH3,,CH3NCO,H,,,1.0E-10,0,0,,,
4823,HNCO,CH5+,,CH3NCOH+,H2,,,1.0E-09,0,0,,,
4824,CH3NCOH+,E-,,CH3CNO,H,,,1.50E-07,-0.50,0,10,300,
4825,CH3NCO,FREEZE,,#CH3NCO,,,,1,0,0,,,
4826,#CH3NCO,DESCR1,,CH3NCO,,,,1,0,2850,,,
4827,#CH3NCO,DESCR2,,CH3NCO,,,,1,0,2850,,,
4828,#CH3NCO,DEUVCR,,CH3NCO,,,,1,0,2850,,,
4829,#CH3NCO,DESOH2,,CH3NCO,,,,1,0,2850,,,
4830,CH3NCOH+,FREEZE,,#CH3NCO,,,,1,1,0,,,
4831,H2CNO+,E-,,H,HNCO,,,1.5E-07,-0.5,0,,,
4832,H+,CH3NCO,,H,CH3NCOH+,,,1.0E-09,-0.5,0,10,4100,
4833,H2+,CH3NCO,,H2,CH3NCOH+,,,1.0E-09,-0.5,0,10,4100,
4834,HE+,CH3NCO,,HE,CH3NCOH+,,,1.0E-10,-0.5,0,10,4100,
4835,MG,CH3NCOH+,,MG+,CH3NCOH+,,,1.0E-09,0.0,0,10,4100,
4836,H+,NH2CHO,,HNCO,H3+,,,8.62E-09,-0.5,0,,,!INVENTED
4837,H+,CH3NCO,,HNCO,CH3+,,,1.0E-09,-0.5,0,,,!INVENTED
4621,C4H,FREEZE,,#C4H,,,,1,0,0,,,
4622,#C3H2,DESOH2,,C3H2,,,,1,0,4200,,,
4623,#C4H,DESOH2,,C4H,,,,1,0,4200,,,
4624,#C3H2,DESCR1,,C3H2,,,,1,0,4200,,,
4625,#C4H,DESCR1,,C4H,,,,1,0,4200,,,
4626,#C3H2,DESCR2,,C3H2,,,,1,0,4200,,,
4627,#C4H,DESCR2,,C4H,,,,1,0,4200,,,
4628,#C3H2,DEUVCR,,C3H2,,,,1,0,4200,,,
4629,#C4H,DEUVCR,,C4H,,,,1,0,4200,,,
1888,HOC+,FREEZE,,#H2CO,,,,1,1,0,,,
1889,CH2OH,FREEZE,,#CH2OH,,,,5.0E-01,0,0,,,
1900,H3CO,FREEZE,,#H3CO,,,,5.0E-01,0,0,,,
1901,H2CNO,FREEZE,,#H2CNO,,,,1,0,0,,,
4761,#CH2OHCHO,H,,#CH2OHCHOH,,,,2.E-4,0,0,,,     !FEDOSEEV ET AL.15 ! RATE INVENTED
4761,#CH2OHCHOH,H,,#CH2OHCH2OH,,,,1.0,0,0,,,      !FEDOSEEV ET AL.15 ! RATE INVENTED
4762,#CH2OH,#HCO,,#CH2OHCHO,,,,1.E-10,0,0,,,      !BUTSCHER ET AL.15 ! RATE INVENTED
4763,#CH2OH,#CH2OH,,#CH2OHCH2OH,,,,1.E-10,0,0,,,  !BUTSCHER ET AL.15 ! RATE INVENTED
4772,CH2OHCH2OH,FREEZE,,#CH2OHCH2OH,,,,1,0,0,,,    !!! BETA = 1 FOR IONS, BETA =0 FOR NEUTRAL
4773,#CH2OHCH2OH,DESCR1,,CH2OHCH2OH,,,,1,0,10168,,,
4774,#CH2OHCH2OH,DESCR2,,CH2OHCH2OH,,,,1,0,10168,,,
4775,#CH2OHCH2OH,DEUVCR,,CH2OHCH2OH,,,,1,0,10168,,,
4776,#CH2OHCH2OH,DESOH2,,CH2OHCH2OH,,,,1,0,10168,,,
4777,CH3OH,OH,,H3CO,H2O,,,3.E-10,0,0,,,       !BALUCANI ET AL.15
4778,H3CO,CH3,,CH3OCH3,,,,3.E-10,0,0,,,       !BALUCANI ET AL.15
4779,CH3OCH2,O,,HCOOCH3,H,,,2.E-10,0.0,,,     !BALUCANI ET AL.15
4780,CH3OCH3,F,,CH3OCH2,HF,,,2.E-10,0.0,,,    !BALUCANI ET AL.15
4781,CH3OCH3,CL,,CH3OCH2,HCL,,,2.E-10,0.0,,,  !BALUCANI ET AL.15
4782,CH3OCH3,FREEZE,,#CH3OCH3,,,,1,0,0,,,     !!! BETA = 1 FOR IONS, BETA =0 FOR NEUTRAL
4783,#CH3OCH3,DESCR1,,CH3OCH3,,,,1,0,3675,,,
4784,#CH3OCH3,DESCR2,,CH3OCH3,,,,1,0,3675,,,
4785,#CH3OCH3,DEUVCR,,CH3OCH3,,,,1,0,3675,,,
4786,#CH3OCH3,DESOH2,,CH3OCH3,,,,1,0,3675,,,
4787,CH3OCH2,FREEZE,,#CH3OCH3,,,,1,0,0,,,  !!! BETA = 1 FOR IONS, BETA =0 FOR NEUTRAL
4789,#H3CO,DESCR1,,H3CO,,,,1,0,2500,,,
4790,#H3CO,DESCR2,,H3CO,,,,1,0,2500,,,
4791,#H3CO,DEUVCR,,H3CO,,,,1,0,2500,,,
4792,#H3CO,DESOH2,,H3CO,,,,1,0,2500,,,
4793,H3CO,FREEZE,,#CH3OH,,,,5.0E-01,0,0,,,
4797,#CH2OH,#CH3,,#C2H5OH,,,,1.00E-10,0,0,,, !LAURA REACTION
4798,#OH,#C2H5,,#C2H5OH,,,,1.00E-10,0,0,,,   !LAURA REACTION
4672,#CO,#HS,,#OCS,H,,,1.66E-011,0,831,,,
4671,#CS,#O,,#OCS,,,,0.00E+000,0,0,,,
4702,#CS2,#O,,#OCS,#S,,,6.40E-023,0,0,,,
2484,F,FREEZE,,#H2F,,,,1,0,0,,,
2485,F+,FREEZE,,#H2F,,,,1,1,0,,,
2486,HF,FREEZE,,#H2F,,,,1,0,0,,,
2487,CF,FREEZE,,#CF,,,,1,0,0,,,
2487,CF+,FREEZE,,#CF,,,,1,1,0,,,
2486,HF+,FREEZE,,#H2F,,,,1,1,0,,,
2486,H2F,FREEZE,,#H2F,,,,1,0,0,,,
2486,H2F+,FREEZE,,#H2F,,,,1,1,0,,,
2487,#H2F,DESCR1,,H2F,,,,1,0,2500,,,
2487,#H2F,DESCR2,,H2F,,,,1,0,2500,,,
2487,#H2F,DEUVCR,,H2F,,,,1,0,2500,,,
2487,#H2F,DESOH2,,H2F,,,,1,0,2500,,,
2488,#CF,DESCR1,,CF,,,,1,0,2500,,,
2488,#CF,DESCR2,,CF,,,,1,0,2500,,,
2488,#CF,DEUVCR,,CF,,,,1,0,2500,,,
2488,#CF,DESOH2,,CF,,,,1,0,2500,,,
2500,HCO,FREEZE,,#CH3OH,,,,1.0E-01,0,0,,,
2501,H2CO,FREEZE,,#H3CO,,,,1.0E-01,0,0,,,
2502,H2CO,FREEZE,,#CH2OH,,,,1.0E-01,0,0,,,
2503,CH2OH,FREEZE,,#CH3OH,,,,5.0E-01,0,0,,,
2505,#CH2OH,DESCR1,,CH2OH,,,,1,0,5084,,,
2506,#CH2OH,DESCR2,,CH2OH,,,,1,0,5084,,,
2507,#CH2OH,DEUVCR,,CH2OH,,,,1,0,5084,,,
2508,#CH2OH,DESOH2,,CH2OH,,,,1,0,5084,,,
2504,CH3,FREEZE,,#CH3,,,,0,0,0,,,
2505,#CH3,DESCR1,,CH3,,,,1,0,1175,,,
2506,#CH3,DESCR2,,CH3,,,,1,0,1175,,,
2507,#CH3,DEUVCR,,CH3,,,,1,0,1175,,,
2508,#CH3,DESOH2,,CH3,,,,1,0,1175,,,
2509,#H3CO,#CH3,,#CH3OCH3,,,,1.00E-10,0,0,,, ! RATE INVENTED
2504,CH2OCHO,FREEZE,,#CH2OCHO,,,,1,0,0,,,
2505,#CH2OCHO,DESCR1,,CH2OCHO,,,,1,0,6234,,,
2506,#CH2OCHO,DESCR2,,CH2OCHO,,,,1,0,6234,,,
2507,#CH2OCHO,DEUVCR,,CH2OCHO,,,,1,0,6234,,,
2508,#CH2OCHO,DESOH2,,CH2OCHO,,,,1,0,6234,,,
2504,CH2OHCHOH,FREEZE,,#CH2OHCHOH,,,,1,0,0,,,
2505,#CH2OHCHOH,DESCR1,,CH2OHCHOH,,,,1,0,8000,,, ! BINDING ENERGY INVENTED (BETWEEN GA AND EG)
2506,#CH2OHCHOH,DESCR2,,CH2OHCHOH,,,,1,0,8000,,,
2507,#CH2OHCHOH,DEUVCR,,CH2OHCHOH,,,,1,0,8000,,,
2508,#CH2OHCHOH,DESOH2,,CH2OHCHOH,,,,1,0,8000,,,
2509,#H3CO,#HCO,,#HCOOCH3,,,,1.0E-10,0,0,,,  ! CHUANG ET AL. 2015
1761,C,FREEZE,,#CH3,,,,0,0,0,,,
1761,C+,FREEZE,,#CH3,,,,0,1,0,,,
1875,CO,FREEZE,,#H3CO,,,,0.0,0,0,,,
1875,CO,FREEZE,,#CH2OH,,,,0.0,0,0,,,
